"rowname","name","value","di_name"
"Gly","Gly",132.0534,"Gly-Gly"
"Gly","Ala",146.0691,"Gly-Ala"
"Gly","Ser",162.064,"Gly-Ser"
"Gly","Pro",172.0847,"Gly-Pro"
"Gly","Val",174.1004,"Gly-Val"
"Gly","Thr",176.0797,"Gly-Thr"
"Gly","Cys",178.0412,"Gly-Cys"
"Gly","Leu",188.116,"Gly-Leu"
"Gly","Ile",188.116,"Gly-Ile"
"Gly","Asn",189.0749,"Gly-Asn"
"Gly","Asp",190.0589,"Gly-Asp"
"Gly","Gln",203.0905,"Gly-Gln"
"Gly","Lys",203.1269,"Gly-Lys"
"Gly","Glu",204.0746,"Gly-Glu"
"Gly","Met",206.0724,"Gly-Met"
"Gly","His",212.0909,"Gly-His"
"Gly","Phe",222.1004,"Gly-Phe"
"Gly","Arg",231.1331,"Gly-Arg"
"Gly","Tyr",238.0953,"Gly-Tyr"
"Gly","Trp",261.1113,"Gly-Trp"
"Ala","Gly",146.0691,"Ala-Gly"
"Ala","Ala",160.0847,"Ala-Ala"
"Ala","Ser",176.0796,"Ala-Ser"
"Ala","Pro",186.1004,"Ala-Pro"
"Ala","Val",188.116,"Ala-Val"
"Ala","Thr",190.0953,"Ala-Thr"
"Ala","Cys",192.0568,"Ala-Cys"
"Ala","Leu",202.1317,"Ala-Leu"
"Ala","Ile",202.1317,"Ala-Ile"
"Ala","Asn",203.0905,"Ala-Asn"
"Ala","Asp",204.0746,"Ala-Asp"
"Ala","Gln",217.1062,"Ala-Gln"
"Ala","Lys",217.1426,"Ala-Lys"
"Ala","Glu",218.0902,"Ala-Glu"
"Ala","Met",220.0881,"Ala-Met"
"Ala","His",226.1065,"Ala-His"
"Ala","Phe",236.116,"Ala-Phe"
"Ala","Arg",245.1487,"Ala-Arg"
"Ala","Tyr",252.1109,"Ala-Tyr"
"Ala","Trp",275.1269,"Ala-Trp"
"Ser","Gly",162.064,"Ser-Gly"
"Ser","Ala",176.0796,"Ser-Ala"
"Ser","Ser",192.0746,"Ser-Ser"
"Ser","Pro",202.0953,"Ser-Pro"
"Ser","Val",204.1109,"Ser-Val"
"Ser","Thr",206.0902,"Ser-Thr"
"Ser","Cys",208.0517,"Ser-Cys"
"Ser","Leu",218.1266,"Ser-Leu"
"Ser","Ile",218.1266,"Ser-Ile"
"Ser","Asn",219.0855,"Ser-Asn"
"Ser","Asp",220.0695,"Ser-Asp"
"Ser","Gln",233.1011,"Ser-Gln"
"Ser","Lys",233.1375,"Ser-Lys"
"Ser","Glu",234.0851,"Ser-Glu"
"Ser","Met",236.083,"Ser-Met"
"Ser","His",242.1014,"Ser-His"
"Ser","Phe",252.1109,"Ser-Phe"
"Ser","Arg",261.1436,"Ser-Arg"
"Ser","Tyr",268.1059,"Ser-Tyr"
"Ser","Trp",291.1218,"Ser-Trp"
"Pro","Gly",172.0847,"Pro-Gly"
"Pro","Ala",186.1004,"Pro-Ala"
"Pro","Ser",202.0953,"Pro-Ser"
"Pro","Pro",212.116,"Pro-Pro"
"Pro","Val",214.1317,"Pro-Val"
"Pro","Thr",216.111,"Pro-Thr"
"Pro","Cys",218.0725,"Pro-Cys"
"Pro","Leu",228.1473,"Pro-Leu"
"Pro","Ile",228.1473,"Pro-Ile"
"Pro","Asn",229.1062,"Pro-Asn"
"Pro","Asp",230.0902,"Pro-Asp"
"Pro","Gln",243.1218,"Pro-Gln"
"Pro","Lys",243.1582,"Pro-Lys"
"Pro","Glu",244.1059,"Pro-Glu"
"Pro","Met",246.1037,"Pro-Met"
"Pro","His",252.1222,"Pro-His"
"Pro","Phe",262.1317,"Pro-Phe"
"Pro","Arg",271.1644,"Pro-Arg"
"Pro","Tyr",278.1266,"Pro-Tyr"
"Pro","Trp",301.1426,"Pro-Trp"
"Val","Gly",174.1004,"Val-Gly"
"Val","Ala",188.116,"Val-Ala"
"Val","Ser",204.1109,"Val-Ser"
"Val","Pro",214.1317,"Val-Pro"
"Val","Val",216.1473,"Val-Val"
"Val","Thr",218.1266,"Val-Thr"
"Val","Cys",220.0881,"Val-Cys"
"Val","Leu",230.163,"Val-Leu"
"Val","Ile",230.163,"Val-Ile"
"Val","Asn",231.1218,"Val-Asn"
"Val","Asp",232.1059,"Val-Asp"
"Val","Gln",245.1375,"Val-Gln"
"Val","Lys",245.1739,"Val-Lys"
"Val","Glu",246.1215,"Val-Glu"
"Val","Met",248.1194,"Val-Met"
"Val","His",254.1378,"Val-His"
"Val","Phe",264.1473,"Val-Phe"
"Val","Arg",273.18,"Val-Arg"
"Val","Tyr",280.1422,"Val-Tyr"
"Val","Trp",303.1582,"Val-Trp"
"Thr","Gly",176.0796,"Thr-Gly"
"Thr","Ala",190.0953,"Thr-Ala"
"Thr","Ser",206.0902,"Thr-Ser"
"Thr","Pro",216.1109,"Thr-Pro"
"Thr","Val",218.1266,"Thr-Val"
"Thr","Thr",220.1059,"Thr-Thr"
"Thr","Cys",222.0674,"Thr-Cys"
"Thr","Leu",232.1422,"Thr-Leu"
"Thr","Ile",232.1422,"Thr-Ile"
"Thr","Asn",233.1011,"Thr-Asn"
"Thr","Asp",234.0851,"Thr-Asp"
"Thr","Gln",247.1168,"Thr-Gln"
"Thr","Lys",247.1531,"Thr-Lys"
"Thr","Glu",248.1008,"Thr-Glu"
"Thr","Met",250.0987,"Thr-Met"
"Thr","His",256.1171,"Thr-His"
"Thr","Phe",266.1266,"Thr-Phe"
"Thr","Arg",275.1593,"Thr-Arg"
"Thr","Tyr",282.1215,"Thr-Tyr"
"Thr","Trp",305.1375,"Thr-Trp"
"Cys","Gly",178.0412,"Cys-Gly"
"Cys","Ala",192.0568,"Cys-Ala"
"Cys","Ser",208.0517,"Cys-Ser"
"Cys","Pro",218.0725,"Cys-Pro"
"Cys","Val",220.0881,"Cys-Val"
"Cys","Thr",222.0674,"Cys-Thr"
"Cys","Cys",224.0289,"Cys-Cys"
"Cys","Leu",234.1038,"Cys-Leu"
"Cys","Ile",234.1038,"Cys-Ile"
"Cys","Asn",235.0626,"Cys-Asn"
"Cys","Asp",236.0466,"Cys-Asp"
"Cys","Gln",249.0783,"Cys-Gln"
"Cys","Lys",249.1147,"Cys-Lys"
"Cys","Glu",250.0623,"Cys-Glu"
"Cys","Met",252.0602,"Cys-Met"
"Cys","His",258.0786,"Cys-His"
"Cys","Phe",268.0881,"Cys-Phe"
"Cys","Arg",277.1208,"Cys-Arg"
"Cys","Tyr",284.083,"Cys-Tyr"
"Cys","Trp",307.099,"Cys-Trp"
"Leu","Gly",188.116,"Leu-Gly"
"Leu","Ala",202.1317,"Leu-Ala"
"Leu","Ser",218.1266,"Leu-Ser"
"Leu","Pro",228.1473,"Leu-Pro"
"Leu","Val",230.163,"Leu-Val"
"Leu","Thr",232.1423,"Leu-Thr"
"Leu","Cys",234.1038,"Leu-Cys"
"Leu","Leu",244.1786,"Leu-Leu"
"Leu","Ile",244.1786,"Leu-Ile"
"Leu","Asn",245.1375,"Leu-Asn"
"Leu","Asp",246.1215,"Leu-Asp"
"Leu","Gln",259.1531,"Leu-Gln"
"Leu","Lys",259.1895,"Leu-Lys"
"Leu","Glu",260.1372,"Leu-Glu"
"Leu","Met",262.135,"Leu-Met"
"Leu","His",268.1535,"Leu-His"
"Leu","Phe",278.163,"Leu-Phe"
"Leu","Arg",287.1957,"Leu-Arg"
"Leu","Tyr",294.1579,"Leu-Tyr"
"Leu","Trp",317.1739,"Leu-Trp"
"Ile","Gly",188.116,"Ile-Gly"
"Ile","Ala",202.1317,"Ile-Ala"
"Ile","Ser",218.1266,"Ile-Ser"
"Ile","Pro",228.1473,"Ile-Pro"
"Ile","Val",230.163,"Ile-Val"
"Ile","Thr",232.1423,"Ile-Thr"
"Ile","Cys",234.1038,"Ile-Cys"
"Ile","Leu",244.1786,"Ile-Leu"
"Ile","Ile",244.1786,"Ile-Ile"
"Ile","Asn",245.1375,"Ile-Asn"
"Ile","Asp",246.1215,"Ile-Asp"
"Ile","Gln",259.1531,"Ile-Gln"
"Ile","Lys",259.1895,"Ile-Lys"
"Ile","Glu",260.1372,"Ile-Glu"
"Ile","Met",262.135,"Ile-Met"
"Ile","His",268.1535,"Ile-His"
"Ile","Phe",278.163,"Ile-Phe"
"Ile","Arg",287.1957,"Ile-Arg"
"Ile","Tyr",294.1579,"Ile-Tyr"
"Ile","Trp",317.1739,"Ile-Trp"
"Asn","Gly",189.0749,"Asn-Gly"
"Asn","Ala",203.0905,"Asn-Ala"
"Asn","Ser",219.0855,"Asn-Ser"
"Asn","Pro",229.1062,"Asn-Pro"
"Asn","Val",231.1218,"Asn-Val"
"Asn","Thr",233.1011,"Asn-Thr"
"Asn","Cys",235.0626,"Asn-Cys"
"Asn","Leu",245.1375,"Asn-Leu"
"Asn","Ile",245.1375,"Asn-Ile"
"Asn","Asn",246.0964,"Asn-Asn"
"Asn","Asp",247.0804,"Asn-Asp"
"Asn","Gln",260.112,"Asn-Gln"
"Asn","Lys",260.1484,"Asn-Lys"
"Asn","Glu",261.096,"Asn-Glu"
"Asn","Met",263.0939,"Asn-Met"
"Asn","His",269.1123,"Asn-His"
"Asn","Phe",279.1218,"Asn-Phe"
"Asn","Arg",288.1545,"Asn-Arg"
"Asn","Tyr",295.1168,"Asn-Tyr"
"Asn","Trp",318.1327,"Asn-Trp"
"Asp","Gly",190.0589,"Asp-Gly"
"Asp","Ala",204.0746,"Asp-Ala"
"Asp","Ser",220.0695,"Asp-Ser"
"Asp","Pro",230.0902,"Asp-Pro"
"Asp","Val",232.1059,"Asp-Val"
"Asp","Thr",234.0851,"Asp-Thr"
"Asp","Cys",236.0466,"Asp-Cys"
"Asp","Leu",246.1215,"Asp-Leu"
"Asp","Ile",246.1215,"Asp-Ile"
"Asp","Asn",247.0804,"Asp-Asn"
"Asp","Asp",248.0644,"Asp-Asp"
"Asp","Gln",261.096,"Asp-Gln"
"Asp","Lys",261.1324,"Asp-Lys"
"Asp","Glu",262.08,"Asp-Glu"
"Asp","Met",264.0779,"Asp-Met"
"Asp","His",270.0964,"Asp-His"
"Asp","Phe",280.1059,"Asp-Phe"
"Asp","Arg",289.1386,"Asp-Arg"
"Asp","Tyr",296.1008,"Asp-Tyr"
"Asp","Trp",319.1168,"Asp-Trp"
"Gln","Gly",203.0905,"Gln-Gly"
"Gln","Ala",217.1062,"Gln-Ala"
"Gln","Ser",233.1011,"Gln-Ser"
"Gln","Pro",243.1218,"Gln-Pro"
"Gln","Val",245.1375,"Gln-Val"
"Gln","Thr",247.1168,"Gln-Thr"
"Gln","Cys",249.0783,"Gln-Cys"
"Gln","Leu",259.1531,"Gln-Leu"
"Gln","Ile",259.1531,"Gln-Ile"
"Gln","Asn",260.112,"Gln-Asn"
"Gln","Asp",261.096,"Gln-Asp"
"Gln","Gln",274.1277,"Gln-Gln"
"Gln","Lys",274.164,"Gln-Lys"
"Gln","Glu",275.1117,"Gln-Glu"
"Gln","Met",277.1096,"Gln-Met"
"Gln","His",283.128,"Gln-His"
"Gln","Phe",293.1375,"Gln-Phe"
"Gln","Arg",302.1702,"Gln-Arg"
"Gln","Tyr",309.1324,"Gln-Tyr"
"Gln","Trp",332.1484,"Gln-Trp"
"Lys","Gly",203.1269,"Lys-Gly"
"Lys","Ala",217.1426,"Lys-Ala"
"Lys","Ser",233.1375,"Lys-Ser"
"Lys","Pro",243.1582,"Lys-Pro"
"Lys","Val",245.1739,"Lys-Val"
"Lys","Thr",247.1532,"Lys-Thr"
"Lys","Cys",249.1147,"Lys-Cys"
"Lys","Leu",259.1895,"Lys-Leu"
"Lys","Ile",259.1895,"Lys-Ile"
"Lys","Asn",260.1484,"Lys-Asn"
"Lys","Asp",261.1324,"Lys-Asp"
"Lys","Gln",274.164,"Lys-Gln"
"Lys","Lys",274.2004,"Lys-Lys"
"Lys","Glu",275.1481,"Lys-Glu"
"Lys","Met",277.1459,"Lys-Met"
"Lys","His",283.1644,"Lys-His"
"Lys","Phe",293.1739,"Lys-Phe"
"Lys","Arg",302.2066,"Lys-Arg"
"Lys","Tyr",309.1688,"Lys-Tyr"
"Lys","Trp",332.1848,"Lys-Trp"
"Glu","Gly",204.0746,"Glu-Gly"
"Glu","Ala",218.0902,"Glu-Ala"
"Glu","Ser",234.0851,"Glu-Ser"
"Glu","Pro",244.1059,"Glu-Pro"
"Glu","Val",246.1215,"Glu-Val"
"Glu","Thr",248.1008,"Glu-Thr"
"Glu","Cys",250.0623,"Glu-Cys"
"Glu","Leu",260.1372,"Glu-Leu"
"Glu","Ile",260.1372,"Glu-Ile"
"Glu","Asn",261.096,"Glu-Asn"
"Glu","Asp",262.08,"Glu-Asp"
"Glu","Gln",275.1117,"Glu-Gln"
"Glu","Lys",275.1481,"Glu-Lys"
"Glu","Glu",276.0957,"Glu-Glu"
"Glu","Met",278.0936,"Glu-Met"
"Glu","His",284.112,"Glu-His"
"Glu","Phe",294.1215,"Glu-Phe"
"Glu","Arg",303.1542,"Glu-Arg"
"Glu","Tyr",310.1164,"Glu-Tyr"
"Glu","Trp",333.1324,"Glu-Trp"
"Met","Gly",206.0724,"Met-Gly"
"Met","Ala",220.0881,"Met-Ala"
"Met","Ser",236.083,"Met-Ser"
"Met","Pro",246.1037,"Met-Pro"
"Met","Val",248.1194,"Met-Val"
"Met","Thr",250.0987,"Met-Thr"
"Met","Cys",252.0602,"Met-Cys"
"Met","Leu",262.135,"Met-Leu"
"Met","Ile",262.135,"Met-Ile"
"Met","Asn",263.0939,"Met-Asn"
"Met","Asp",264.0779,"Met-Asp"
"Met","Gln",277.1096,"Met-Gln"
"Met","Lys",277.1459,"Met-Lys"
"Met","Glu",278.0936,"Met-Glu"
"Met","Met",280.0915,"Met-Met"
"Met","His",286.1099,"Met-His"
"Met","Phe",296.1194,"Met-Phe"
"Met","Arg",305.1521,"Met-Arg"
"Met","Tyr",312.1143,"Met-Tyr"
"Met","Trp",335.1303,"Met-Trp"
"His","Gly",212.0909,"His-Gly"
"His","Ala",226.1065,"His-Ala"
"His","Ser",242.1014,"His-Ser"
"His","Pro",252.1222,"His-Pro"
"His","Val",254.1378,"His-Val"
"His","Thr",256.1171,"His-Thr"
"His","Cys",258.0786,"His-Cys"
"His","Leu",268.1535,"His-Leu"
"His","Ile",268.1535,"His-Ile"
"His","Asn",269.1123,"His-Asn"
"His","Asp",270.0964,"His-Asp"
"His","Gln",283.128,"His-Gln"
"His","Lys",283.1644,"His-Lys"
"His","Glu",284.112,"His-Glu"
"His","Met",286.1099,"His-Met"
"His","His",292.1283,"His-His"
"His","Phe",302.1378,"His-Phe"
"His","Arg",311.1705,"His-Arg"
"His","Tyr",318.1327,"His-Tyr"
"His","Trp",341.1487,"His-Trp"
"Phe","Gly",222.1004,"Phe-Gly"
"Phe","Ala",236.116,"Phe-Ala"
"Phe","Ser",252.1109,"Phe-Ser"
"Phe","Pro",262.1317,"Phe-Pro"
"Phe","Val",264.1473,"Phe-Val"
"Phe","Thr",266.1266,"Phe-Thr"
"Phe","Cys",268.0881,"Phe-Cys"
"Phe","Leu",278.163,"Phe-Leu"
"Phe","Ile",278.163,"Phe-Ile"
"Phe","Asn",279.1218,"Phe-Asn"
"Phe","Asp",280.1059,"Phe-Asp"
"Phe","Gln",293.1375,"Phe-Gln"
"Phe","Lys",293.1739,"Phe-Lys"
"Phe","Glu",294.1215,"Phe-Glu"
"Phe","Met",296.1194,"Phe-Met"
"Phe","His",302.1378,"Phe-His"
"Phe","Phe",312.1473,"Phe-Phe"
"Phe","Arg",321.18,"Phe-Arg"
"Phe","Tyr",328.1422,"Phe-Tyr"
"Phe","Trp",351.1582,"Phe-Trp"
"Arg","Gly",231.1331,"Arg-Gly"
"Arg","Ala",245.1487,"Arg-Ala"
"Arg","Ser",261.1436,"Arg-Ser"
"Arg","Pro",271.1644,"Arg-Pro"
"Arg","Val",273.18,"Arg-Val"
"Arg","Thr",275.1593,"Arg-Thr"
"Arg","Cys",277.1208,"Arg-Cys"
"Arg","Leu",287.1957,"Arg-Leu"
"Arg","Ile",287.1957,"Arg-Ile"
"Arg","Asn",288.1545,"Arg-Asn"
"Arg","Asp",289.1386,"Arg-Asp"
"Arg","Gln",302.1702,"Arg-Gln"
"Arg","Lys",302.2066,"Arg-Lys"
"Arg","Glu",303.1542,"Arg-Glu"
"Arg","Met",305.1521,"Arg-Met"
"Arg","His",311.1705,"Arg-His"
"Arg","Phe",321.18,"Arg-Phe"
"Arg","Arg",330.2127,"Arg-Arg"
"Arg","Tyr",337.1749,"Arg-Tyr"
"Arg","Trp",360.1909,"Arg-Trp"
"Tyr","Gly",238.0953,"Tyr-Gly"
"Tyr","Ala",252.1109,"Tyr-Ala"
"Tyr","Ser",268.1059,"Tyr-Ser"
"Tyr","Pro",278.1266,"Tyr-Pro"
"Tyr","Val",280.1422,"Tyr-Val"
"Tyr","Thr",282.1215,"Tyr-Thr"
"Tyr","Cys",284.083,"Tyr-Cys"
"Tyr","Leu",294.1579,"Tyr-Leu"
"Tyr","Ile",294.1579,"Tyr-Ile"
"Tyr","Asn",295.1168,"Tyr-Asn"
"Tyr","Asp",296.1008,"Tyr-Asp"
"Tyr","Gln",309.1324,"Tyr-Gln"
"Tyr","Lys",309.1688,"Tyr-Lys"
"Tyr","Glu",310.1164,"Tyr-Glu"
"Tyr","Met",312.1143,"Tyr-Met"
"Tyr","His",318.1327,"Tyr-His"
"Tyr","Phe",328.1422,"Tyr-Phe"
"Tyr","Arg",337.1749,"Tyr-Arg"
"Tyr","Tyr",344.1372,"Tyr-Tyr"
"Tyr","Trp",367.1531,"Tyr-Trp"
"Trp","Gly",261.1113,"Trp-Gly"
"Trp","Ala",275.1269,"Trp-Ala"
"Trp","Ser",291.1218,"Trp-Ser"
"Trp","Pro",301.1426,"Trp-Pro"
"Trp","Val",303.1582,"Trp-Val"
"Trp","Thr",305.1375,"Trp-Thr"
"Trp","Cys",307.099,"Trp-Cys"
"Trp","Leu",317.1739,"Trp-Leu"
"Trp","Ile",317.1739,"Trp-Ile"
"Trp","Asn",318.1327,"Trp-Asn"
"Trp","Asp",319.1168,"Trp-Asp"
"Trp","Gln",332.1484,"Trp-Gln"
"Trp","Lys",332.1848,"Trp-Lys"
"Trp","Glu",333.1324,"Trp-Glu"
"Trp","Met",335.1303,"Trp-Met"
"Trp","His",341.1487,"Trp-His"
"Trp","Phe",351.1582,"Trp-Phe"
"Trp","Arg",360.1909,"Trp-Arg"
"Trp","Tyr",367.1531,"Trp-Tyr"
"Trp","Trp",390.1691,"Trp-Trp"
